name,bus,control,p_nom,p_min_pu,p_set,q_set,carrier,marginal_cost,committable,start_up_cost,shut_down_cost,min_up_time,min_down_time,ramp_limit_up,ramp_limit_down,ramp_limit_start_up,ramp_limit_shut_down,Gen ID,Unit Group,Unit Type,Category,V Setpoint p.u.,QMax MVAR,QMin MVAR,Start Time Cold Hr,Start Time Warm Hr,Start Time Hot Hr,Start Heat Cold MBTU,Start Heat Warm MBTU,Start Heat Hot MBTU,FOR,MTTF Hr,MTTR Hr,Scheduled Maint Weeks,Output_pct_0,Output_pct_1,Output_pct_2,Output_pct_3,Output_pct_4,HR_avg_0,HR_incr_1,HR_incr_2,HR_incr_3,HR_incr_4,VOM,Fuel Sulfur Content %,Emissions SO2 Lbs per MMBTU,Emissions NOX Lbs per MMBTU,Emissions Part Lbs per MMBTU,Emissions CO2 Lbs per MMBTU,Emissions CH4 Lbs per MMBTU,Emissions N2O Lbs per MMBTU,Emissions CO Lbs per MMBTU,Emissions VOCs Lbs per MMBTU,Damping Ratio,Inertia MJ per MW,Base MVA,Transformer X p.u.,Unit X p.u.,Pump Load MW,Storage Roundtrip Efficiency
101_CT_1,101,PQ,20.0,0.4,8.0,4.96,Oil,135.72203159999998,True,0.0,0.0,1,1,180.0,180.0,180.0,180.0,1.0,U20,CT,Oil CT,1.0468,10.0,0.0,1.0,0.0,0.0,5.0,5.0,5.0,0.1,450.0,50.0,2.0,0.4,0.6,0.8,1.0,,13114.0,9456.0,9476.0,10352.0,,0.0,0.2,0.2,0.5,0.036,160.0,0.002,0.004,0.11,0.04,0.0,2.8,24.0,0.13,0.32,0.0,0.0
101_CT_2,101,PQ,20.0,0.4,8.0,4.96,Oil,135.72203159999998,True,0.0,0.0,1,1,180.0,180.0,180.0,180.0,2.0,U20,CT,Oil CT,1.0468,10.0,0.0,1.0,0.0,0.0,5.0,5.0,5.0,0.1,450.0,50.0,2.0,0.4,0.6,0.8,1.0,,13114.0,9456.0,9476.0,10352.0,,0.0,0.2,0.2,0.5,0.036,160.0,0.002,0.004,0.11,0.04,0.0,2.8,24.0,0.13,0.32,0.0,0.0
101_STEAM_3,101,PQ,76.0,0.39473684210526316,76.0,0.14,Coal,28.052647299999997,True,0.0,0.0,8,4,120.0,120.0,120.0,120.0,3.0,U76,STEAM,Coal,1.0468,30.0,-25.0,12.0,10.0,3.0,5284.8,4861.4,3379.4,0.02,1960.0,40.0,3.0,0.394736842,0.596491228,0.798245614,1.0,,13270.0,6713.0,8028.0,8549.0,,0.0,Unit-specific,Unit-specific,Unit-specific,Unit-specific,210.0,0.001,0.004,0.02,0.003,0.0,3.0,89.0,0.13,0.3,0.0,0.0
101_STEAM_4,101,PQ,76.0,0.39473684210526316,76.0,0.14,Coal,28.052647299999997,True,0.0,0.0,8,4,120.0,120.0,120.0,120.0,4.0,U76,STEAM,Coal,1.0468,30.0,-25.0,12.0,10.0,3.0,5284.8,4861.4,3379.4,0.02,1960.0,40.0,3.0,0.394736842,0.596491228,0.798245614,1.0,,13270.0,6713.0,8028.0,8549.0,,0.0,Unit-specific,Unit-specific,Unit-specific,Unit-specific,210.0,0.001,0.004,0.02,0.003,0.0,3.0,89.0,0.13,0.3,0.0,0.0
102_CT_1,102,PQ,20.0,0.4,8.0,4.88,Oil,151.50486659999999,True,0.0,0.0,1,1,180.0,180.0,180.0,180.0,1.0,U20,CT,Oil CT,1.0467,10.0,0.0,1.0,0.0,0.0,5.0,5.0,5.0,0.1,450.0,50.0,2.0,0.4,0.6,0.8,1.0,,14639.0,8597.0,9147.0,9622.0,,0.0,0.2,0.2,0.5,0.036,160.0,0.002,0.004,0.11,0.04,0.0,2.8,24.0,0.13,0.32,0.0,0.0
102_CT_2,102,PQ,20.0,0.4,8.0,4.88,Oil,151.50486659999999,True,0.0,0.0,1,1,180.0,180.0,180.0,180.0,2.0,U20,CT,Oil CT,1.0467,10.0,0.0,1.0,0.0,0.0,5.0,5.0,5.0,0.1,450.0,50.0,2.0,0.4,0.6,0.8,1.0,,14639.0,8597.0,9147.0,9622.0,,0.0,0.2,0.2,0.5,0.036,160.0,0.002,0.004,0.11,0.04,0.0,2.8,24.0,0.13,0.32,0.0,0.0
102_STEAM_3,102,PQ,76.0,0.39473684210526316,76.0,-2.31,Coal,24.50325809,True,0.0,0.0,8,4,120.0,120.0,120.0,120.0,3.0,U76,STEAM,Coal,1.0467,30.0,-25.0,12.0,10.0,3.0,5284.8,4861.4,3379.4,0.02,1960.0,40.0,3.0,0.394736842,0.596491228,0.798245614,1.0,,11591.0,8734.0,9861.0,10651.0,,0.0,Unit-specific,Unit-specific,Unit-specific,Unit-specific,210.0,0.001,0.004,0.02,0.003,0.0,3.0,89.0,0.13,0.3,0.0,0.0
102_STEAM_4,102,PQ,76.0,0.39473684210526316,76.0,-2.31,Coal,24.50325809,True,0.0,0.0,8,4,120.0,120.0,120.0,120.0,4.0,U76,STEAM,Coal,1.0467,30.0,-25.0,12.0,10.0,3.0,5284.8,4861.4,3379.4,0.02,1960.0,40.0,3.0,0.394736842,0.596491228,0.798245614,1.0,,11591.0,8734.0,9861.0,10651.0,,0.0,Unit-specific,Unit-specific,Unit-specific,Unit-specific,210.0,0.001,0.004,0.02,0.003,0.0,3.0,89.0,0.13,0.3,0.0,0.0
107_CC_1,107,PQ,355.0,0.4788732394366197,355.0,49.51,NG,28.07350284,True,0.0,0.0,8,4,248.39999999999998,248.39999999999998,248.39999999999998,248.39999999999998,1.0,U355,CC,Gas CC,1.05,150.0,-25.0,2.0,1.0,0.5,7215.1,4536.1,3196.6,0.033,967.0,33.0,1.07,0.478873239,0.65258216,0.82629108,1.0,,7222.0,5970.0,6892.0,7854.0,,0.0,0,0.0006,0.079999998,0,118.0,0.0,0.0,0.0,0.0,0.0,5.0,414.0,0.13,0.3,0.0,0.0
113_CT_1,113,PQ,55.0,0.4,55.0,19.0,NG,51.019762500000006,True,0.0,0.0,2,2,222.0,222.0,222.0,222.0,1.0,U55,CT,Gas CT,1.0347,19.0,-15.0,1.0,0.75,0.25,1457.4,1122.5,452.8,0.031,969.0,31.0,0.79,0.4,0.6,0.8,1.0,,13125.0,6899.0,7602.0,7797.0,,0.0,0,0.0006,0.079999998,0,118.0,0.0,0.0,0.0,0.0,0.0,2.8,64.0,0.13,0.32,0.0,0.0
113_CT_2,113,PQ,55.0,0.4,55.0,19.0,NG,51.019762500000006,True,0.0,0.0,2,2,222.0,222.0,222.0,222.0,2.0,U55,CT,Gas CT,1.0347,19.0,-15.0,1.0,0.75,0.25,1457.4,1122.5,452.8,0.031,969.0,31.0,0.79,0.4,0.6,0.8,1.0,,13125.0,6899.0,7602.0,7797.0,,0.0,0,0.0006,0.079999998,0,118.0,0.0,0.0,0.0,0.0,0.0,2.8,64.0,0.13,0.32,0.0,0.0
113_CT_3,113,PQ,55.0,0.4,55.0,19.0,NG,51.019762500000006,True,0.0,0.0,2,2,222.0,222.0,222.0,222.0,3.0,U55,CT,Gas CT,1.0347,19.0,-15.0,1.0,0.75,0.25,1457.4,1122.5,452.8,0.031,969.0,31.0,0.79,0.4,0.6,0.8,1.0,,13125.0,6899.0,7602.0,7797.0,,0.0,0,0.0006,0.079999998,0,118.0,0.0,0.0,0.0,0.0,0.0,2.8,64.0,0.13,0.32,0.0,0.0
113_CT_4,113,PQ,55.0,0.4,55.0,19.0,NG,51.019762500000006,True,0.0,0.0,2,2,222.0,222.0,222.0,222.0,4.0,U55,CT,Gas CT,1.0347,19.0,-15.0,1.0,0.75,0.25,1457.4,1122.5,452.8,0.031,969.0,31.0,0.79,0.4,0.6,0.8,1.0,,13125.0,6899.0,7602.0,7797.0,,0.0,0,0.0006,0.079999998,0,118.0,0.0,0.0,0.0,0.0,0.0,2.8,64.0,0.13,0.32,0.0,0.0
115_STEAM_1,115,PQ,12.0,0.4166666666666667,5.0,6.0,Oil,179.458596,True,0.0,0.0,4,2,60.0,60.0,60.0,60.0,1.0,U12,STEAM,Oil ST,1.0428,6.0,0.0,12.0,4.0,2.0,68.0,44.0,38.0,0.02,2940.0,60.0,2.0,0.416666667,0.611111111,0.805555556,1.0,,17340.0,12030.0,12083.0,12913.0,,0.0,Unit-Specific,Unit-specific,0.5,0.1,170.0,0.002,0.004,0.04,0.007,0.0,2.8,14.0,0.13,0.32,0.0,0.0
115_STEAM_2,115,PQ,12.0,0.4166666666666667,5.0,6.0,Oil,179.458596,True,0.0,0.0,4,2,60.0,60.0,60.0,60.0,2.0,U12,STEAM,Oil ST,1.0428,6.0,0.0,12.0,4.0,2.0,68.0,44.0,38.0,0.02,2940.0,60.0,2.0,0.416666667,0.611111111,0.805555556,1.0,,17340.0,12030.0,12083.0,12913.0,,0.0,Unit-Specific,Unit-specific,0.5,0.1,170.0,0.002,0.004,0.04,0.007,0.0,2.8,14.0,0.13,0.32,0.0,0.0
115_STEAM_3,115,PQ,155.0,0.4,155.0,80.0,Coal,24.196729539999996,True,0.0,0.0,8,8,180.0,180.0,180.0,180.0,3.0,U155,STEAM,Coal,1.0428,80.0,-50.0,60.0,11.0,3.0,10778.1,7437.5,6892.1,0.04,960.0,40.0,4.0,0.4,0.6,0.8,1.0,,11446.0,9650.0,10640.0,12796.0,,0.0,Unit-specific,Unit-specific,Unit-specific,Unit-specific,210.0,0.001,0.004,0.02,0.003,0.0,3.0,182.0,0.13,0.3,0.0,0.0
116_STEAM_1,116,PQ,155.0,0.4,155.0,80.0,Coal,27.98499962,True,0.0,0.0,8,8,180.0,180.0,180.0,180.0,1.0,U155,STEAM,Coal,1.0461,80.0,-50.0,60.0,11.0,3.0,10778.1,7437.5,6892.1,0.04,960.0,40.0,4.0,0.4,0.6,0.8,1.0,,13238.0,9312.0,10158.0,11294.0,,0.0,Unit-specific,Unit-specific,Unit-specific,Unit-specific,210.0,0.001,0.004,0.02,0.003,0.0,3.0,182.0,0.13,0.3,0.0,0.0
118_CC_1,118,PQ,355.0,0.4788732394366197,355.0,68.43,NG,28.20955554,True,0.0,0.0,8,4,248.39999999999998,248.39999999999998,248.39999999999998,248.39999999999998,1.0,U355,CC,Gas CC,1.05,150.0,-25.0,2.0,1.0,0.5,7215.1,4536.1,3196.6,0.033,967.0,33.0,1.07,0.478873239,0.65258216,0.82629108,1.0,,7257.0,5808.0,7140.0,8351.0,,0.0,0,0.0006,0.079999998,0,118.0,0.0,0.0,0.0,0.0,0.0,5.0,414.0,0.13,0.3,0.0,0.0
123_STEAM_2,123,PQ,155.0,0.4,155.0,-5.19,Coal,23.18412833,True,0.0,0.0,8,8,180.0,180.0,180.0,180.0,2.0,U155,STEAM,Coal,1.05,80.0,-50.0,60.0,11.0,3.0,10778.1,7437.5,6892.1,0.04,960.0,40.0,4.0,0.4,0.6,0.8,1.0,,10967.0,9191.0,10865.0,15627.0,,0.0,Unit-specific,Unit-specific,Unit-specific,Unit-specific,210.0,0.001,0.004,0.02,0.003,0.0,3.0,182.0,0.13,0.3,0.0,0.0
123_STEAM_3,123,PQ,350.0,0.4,350.0,28.41,Coal,25.59196294,True,0.0,0.0,24,48,240.0,240.0,240.0,240.0,3.0,U350,STEAM,Coal,1.05,150.0,-25.0,96.0,12.0,8.0,17384.1,10114.4,9768.2,0.08,1150.0,100.0,5.0,0.4,0.6,0.8,1.0,,12106.0,9453.0,10240.0,11087.0,,0.0,Unit-specific,Unit-specific,Unit-specific,Unit-specific,210.0,0.001,0.004,0.02,0.003,0.0,3.0,412.0,0.13,0.3,0.0,0.0
123_CT_1,123,PQ,55.0,0.4,55.0,0.62,NG,49.4648745,True,0.0,0.0,2,2,222.0,222.0,222.0,222.0,1.0,U55,CT,Gas CT,1.05,19.0,-15.0,1.0,0.75,0.25,1457.4,1122.5,452.8,0.031,969.0,31.0,0.79,0.4,0.6,0.8,1.0,,12725.0,6757.0,7667.0,7998.0,,0.0,0,0.0006,0.079999998,0,118.0,0.0,0.0,0.0,0.0,0.0,2.8,64.0,0.13,0.32,0.0,0.0
123_CT_4,123,PQ,55.0,0.4,55.0,0.62,NG,49.4648745,True,0.0,0.0,2,2,222.0,222.0,222.0,222.0,4.0,U55,CT,Gas CT,1.05,19.0,-15.0,1.0,0.75,0.25,1457.4,1122.5,452.8,0.031,969.0,31.0,0.79,0.4,0.6,0.8,1.0,,12725.0,6757.0,7667.0,7998.0,,0.0,0,0.0006,0.079999998,0,118.0,0.0,0.0,0.0,0.0,0.0,2.8,64.0,0.13,0.32,0.0,0.0
123_CT_5,123,PQ,55.0,0.4,55.0,0.62,NG,49.4648745,True,0.0,0.0,2,2,222.0,222.0,222.0,222.0,5.0,U55,CT,Gas CT,1.05,19.0,-15.0,1.0,0.75,0.25,1457.4,1122.5,452.8,0.031,969.0,31.0,0.79,0.4,0.6,0.8,1.0,,12725.0,6757.0,7667.0,7998.0,,0.0,0,0.0006,0.079999998,0,118.0,0.0,0.0,0.0,0.0,0.0,2.8,64.0,0.13,0.32,0.0,0.0
201_CT_1,201,PQ,20.0,0.4,8.0,5.29,Oil,144.6535638,True,0.0,0.0,1,1,180.0,180.0,180.0,180.0,1.0,U20,CT,Oil CT,1.05,10.0,0.0,1.0,0.0,0.0,5.0,5.0,5.0,0.1,450.0,50.0,2.0,0.4,0.6,0.8,1.0,,13977.0,7969.0,8107.0,10782.0,,0.0,0.2,0.2,0.5,0.036,160.0,0.002,0.004,0.11,0.04,0.0,2.8,24.0,0.13,0.32,0.0,0.0
201_CT_2,201,PQ,20.0,0.4,8.0,5.29,Oil,144.6535638,True,0.0,0.0,1,1,180.0,180.0,180.0,180.0,2.0,U20,CT,Oil CT,1.05,10.0,0.0,1.0,0.0,0.0,5.0,5.0,5.0,0.1,450.0,50.0,2.0,0.4,0.6,0.8,1.0,,13977.0,7969.0,8107.0,10782.0,,0.0,0.2,0.2,0.5,0.036,160.0,0.002,0.004,0.11,0.04,0.0,2.8,24.0,0.13,0.32,0.0,0.0
201_STEAM_3,201,PQ,76.0,0.39473684210526316,76.0,6.99,Coal,27.458616109999998,True,0.0,0.0,8,4,120.0,120.0,120.0,120.0,3.0,U76,STEAM,Coal,1.05,30.0,-25.0,12.0,10.0,3.0,5284.8,4861.4,3379.4,0.02,1960.0,40.0,3.0,0.394736842,0.596491228,0.798245614,1.0,,12989.0,10495.0,11090.0,12185.0,,0.0,Unit-specific,Unit-specific,Unit-specific,Unit-specific,210.0,0.001,0.004,0.02,0.003,0.0,3.0,89.0,0.13,0.3,0.0,0.0
202_CT_1,202,PQ,20.0,0.4,8.0,5.13,Oil,141.4038522,True,0.0,0.0,1,1,180.0,180.0,180.0,180.0,1.0,U20,CT,Oil CT,1.05,10.0,0.0,1.0,0.0,0.0,5.0,5.0,5.0,0.1,450.0,50.0,2.0,0.4,0.6,0.8,1.0,,13663.0,7836.0,8442.0,9454.0,,0.0,0.2,0.2,0.5,0.036,160.0,0.002,0.004,0.11,0.04,0.0,2.8,24.0,0.13,0.32,0.0,0.0
202_CT_2,202,PQ,20.0,0.4,8.0,5.13,Oil,141.4038522,True,0.0,0.0,1,1,180.0,180.0,180.0,180.0,2.0,U20,CT,Oil CT,1.05,10.0,0.0,1.0,0.0,0.0,5.0,5.0,5.0,0.1,450.0,50.0,2.0,0.4,0.6,0.8,1.0,,13663.0,7836.0,8442.0,9454.0,,0.0,0.2,0.2,0.5,0.036,160.0,0.002,0.004,0.11,0.04,0.0,2.8,24.0,0.13,0.32,0.0,0.0
202_STEAM_3,202,PQ,76.0,0.39473684210526316,76.0,2.01,Coal,25.042325539999997,True,0.0,0.0,8,4,120.0,120.0,120.0,120.0,3.0,U76,STEAM,Coal,1.05,30.0,-25.0,12.0,10.0,3.0,5284.8,4861.4,3379.4,0.02,1960.0,40.0,3.0,0.394736842,0.596491228,0.798245614,1.0,,11846.0,9989.0,10070.0,12902.0,,0.0,Unit-specific,Unit-specific,Unit-specific,Unit-specific,210.0,0.001,0.004,0.02,0.003,0.0,3.0,89.0,0.13,0.3,0.0,0.0
202_STEAM_4,202,PQ,76.0,0.39473684210526316,76.0,2.01,Coal,25.042325539999997,True,0.0,0.0,8,4,120.0,120.0,120.0,120.0,4.0,U76,STEAM,Coal,1.05,30.0,-25.0,12.0,10.0,3.0,5284.8,4861.4,3379.4,0.02,1960.0,40.0,3.0,0.394736842,0.596491228,0.798245614,1.0,,11846.0,9989.0,10070.0,12902.0,,0.0,Unit-specific,Unit-specific,Unit-specific,Unit-specific,210.0,0.001,0.004,0.02,0.003,0.0,3.0,89.0,0.13,0.3,0.0,0.0
207_CT_1,207,PQ,55.0,0.4,55.0,19.0,NG,50.73210822,True,0.0,0.0,2,2,222.0,222.0,222.0,222.0,1.0,U55,CT,Gas CT,0.9699,19.0,-15.0,1.0,0.75,0.25,1457.4,1122.5,452.8,0.031,969.0,31.0,0.79,0.4,0.6,0.8,1.0,,13051.0,8804.0,9481.0,10955.0,,0.0,0,0.0006,0.079999998,0,118.0,0.0,0.0,0.0,0.0,0.0,2.8,64.0,0.13,0.32,0.0,0.0
207_CT_2,207,PQ,55.0,0.4,55.0,19.0,NG,50.73210822,True,0.0,0.0,2,2,222.0,222.0,222.0,222.0,2.0,U55,CT,Gas CT,0.9699,19.0,-15.0,1.0,0.75,0.25,1457.4,1122.5,452.8,0.031,969.0,31.0,0.79,0.4,0.6,0.8,1.0,,13051.0,8804.0,9481.0,10955.0,,0.0,0,0.0006,0.079999998,0,118.0,0.0,0.0,0.0,0.0,0.0,2.8,64.0,0.13,0.32,0.0,0.0
213_CC_3,213,PQ,355.0,0.4788732394366197,355.0,135.8,NG,30.41360928,True,0.0,0.0,8,4,248.39999999999998,248.39999999999998,248.39999999999998,248.39999999999998,3.0,U355,CC,Gas CC,1.05,150.0,-25.0,2.0,1.0,0.5,7215.1,4536.1,3196.6,0.033,967.0,33.0,1.07,0.478873239,0.65258216,0.82629108,1.0,,7824.0,6334.0,6979.0,8749.0,,0.0,0,0.0006,0.079999998,0,118.0,0.0,0.0,0.0,0.0,0.0,5.0,414.0,0.13,0.3,0.0,0.0
213_CT_1,213,PQ,55.0,0.4,55.0,9.23,NG,51.019762500000006,True,0.0,0.0,2,2,222.0,222.0,222.0,222.0,1.0,U55,CT,Gas CT,1.05,19.0,-15.0,1.0,0.75,0.25,1457.4,1122.5,452.8,0.031,969.0,31.0,0.79,0.4,0.6,0.8,1.0,,13125.0,6899.0,7602.0,7797.0,,0.0,0,0.0006,0.079999998,0,118.0,0.0,0.0,0.0,0.0,0.0,2.8,64.0,0.13,0.32,0.0,0.0
213_CT_2,213,PQ,55.0,0.4,55.0,9.23,NG,51.019762500000006,True,0.0,0.0,2,2,222.0,222.0,222.0,222.0,2.0,U55,CT,Gas CT,1.05,19.0,-15.0,1.0,0.75,0.25,1457.4,1122.5,452.8,0.031,969.0,31.0,0.79,0.4,0.6,0.8,1.0,,13125.0,6899.0,7602.0,7797.0,,0.0,0,0.0006,0.079999998,0,118.0,0.0,0.0,0.0,0.0,0.0,2.8,64.0,0.13,0.32,0.0,0.0
215_CT_4,215,PQ,55.0,0.4,55.0,19.0,NG,55.311253380000004,True,0.0,0.0,2,2,222.0,222.0,222.0,222.0,4.0,U55,CT,Gas CT,1.0437,19.0,-15.0,1.0,0.75,0.25,1457.4,1122.5,452.8,0.031,969.0,31.0,0.79,0.4,0.6,0.8,1.0,,14229.0,6668.0,6987.0,8421.0,,0.0,0,0.0006,0.079999998,0,118.0,0.0,0.0,0.0,0.0,0.0,2.8,64.0,0.13,0.32,0.0,0.0
215_CT_5,215,PQ,55.0,0.4,55.0,19.0,NG,55.311253380000004,True,0.0,0.0,2,2,222.0,222.0,222.0,222.0,5.0,U55,CT,Gas CT,1.0437,19.0,-15.0,1.0,0.75,0.25,1457.4,1122.5,452.8,0.031,969.0,31.0,0.79,0.4,0.6,0.8,1.0,,14229.0,6668.0,6987.0,8421.0,,0.0,0,0.0006,0.079999998,0,118.0,0.0,0.0,0.0,0.0,0.0,2.8,64.0,0.13,0.32,0.0,0.0
216_STEAM_1,216,PQ,155.0,0.4,155.0,80.0,Coal,23.00232519,True,0.0,0.0,8,8,180.0,180.0,180.0,180.0,1.0,U155,STEAM,Coal,1.0473,80.0,-50.0,60.0,11.0,3.0,10778.1,7437.5,6892.1,0.04,960.0,40.0,4.0,0.4,0.6,0.8,1.0,,10881.0,8786.0,10333.0,11191.0,,0.0,Unit-specific,Unit-specific,Unit-specific,Unit-specific,210.0,0.001,0.004,0.02,0.003,0.0,3.0,182.0,0.13,0.3,0.0,0.0
218_CC_1,218,PQ,355.0,0.4788732394366197,355.0,60.3,NG,44.255999700000004,True,0.0,0.0,8,4,248.39999999999998,248.39999999999998,248.39999999999998,248.39999999999998,1.0,U355,CC,Gas CC,1.05,150.0,-25.0,2.0,1.0,0.5,7215.1,4536.1,3196.6,0.033,967.0,33.0,1.07,0.478873239,0.65258216,0.82629108,1.0,,11385.0,5388.0,5575.0,7658.0,,0.0,0,0.0006,0.079999998,0,118.0,0.0,0.0,0.0,0.0,0.0,5.0,414.0,0.13,0.3,0.0,0.0
221_CC_1,221,PQ,355.0,0.4788732394366197,296.97,-7.52,NG,26.77128414,True,0.0,0.0,8,4,248.39999999999998,248.39999999999998,248.39999999999998,248.39999999999998,1.0,U355,CC,Gas CC,1.05,150.0,-25.0,2.0,1.0,0.5,7215.1,4536.1,3196.6,0.033,967.0,33.0,1.07,0.478873239,0.65258216,0.82629108,1.0,,6887.0,5950.0,6772.0,9293.0,,0.0,0,0.0006,0.079999998,0,118.0,0.0,0.0,0.0,0.0,0.0,5.0,414.0,0.13,0.3,0.0,0.0
223_STEAM_1,223,PQ,155.0,0.4,155.0,-10.31,Coal,22.951589429999995,True,0.0,0.0,8,8,180.0,180.0,180.0,180.0,1.0,U155,STEAM,Coal,1.05,80.0,-50.0,60.0,11.0,3.0,10778.1,7437.5,6892.1,0.04,960.0,40.0,4.0,0.4,0.6,0.8,1.0,,10857.0,9004.0,9314.0,9659.0,,0.0,Unit-specific,Unit-specific,Unit-specific,Unit-specific,210.0,0.001,0.004,0.02,0.003,0.0,3.0,182.0,0.13,0.3,0.0,0.0
223_STEAM_2,223,PQ,155.0,0.4,155.0,-10.31,Coal,22.951589429999995,True,0.0,0.0,8,8,180.0,180.0,180.0,180.0,2.0,U155,STEAM,Coal,1.05,80.0,-50.0,60.0,11.0,3.0,10778.1,7437.5,6892.1,0.04,960.0,40.0,4.0,0.4,0.6,0.8,1.0,,10857.0,9004.0,9314.0,9659.0,,0.0,Unit-specific,Unit-specific,Unit-specific,Unit-specific,210.0,0.001,0.004,0.02,0.003,0.0,3.0,182.0,0.13,0.3,0.0,0.0
223_STEAM_3,223,PQ,350.0,0.4,350.0,20.59,Coal,23.737993709999998,True,0.0,0.0,24,48,240.0,240.0,240.0,240.0,3.0,U350,STEAM,Coal,1.05,150.0,-25.0,96.0,12.0,8.0,17384.1,10114.4,9768.2,0.08,1150.0,100.0,5.0,0.4,0.6,0.8,1.0,,11229.0,8922.0,10913.0,11645.0,,0.0,Unit-specific,Unit-specific,Unit-specific,Unit-specific,210.0,0.001,0.004,0.02,0.003,0.0,3.0,412.0,0.13,0.3,0.0,0.0
223_CT_4,223,PQ,55.0,0.4,22.0,0.24,NG,76.94363268,True,0.0,0.0,2,2,222.0,222.0,222.0,222.0,4.0,U55,CT,Gas CT,1.05,19.0,-15.0,1.0,0.75,0.25,1457.4,1122.5,452.8,0.031,969.0,31.0,0.79,0.4,0.6,0.8,1.0,,19794.0,9595.0,10225.0,10676.0,,0.0,0,0.0006,0.079999998,0,118.0,0.0,0.0,0.0,0.0,0.0,2.8,64.0,0.13,0.32,0.0,0.0
223_CT_5,223,PQ,55.0,0.4,22.0,0.24,NG,76.94363268,True,0.0,0.0,2,2,222.0,222.0,222.0,222.0,5.0,U55,CT,Gas CT,1.05,19.0,-15.0,1.0,0.75,0.25,1457.4,1122.5,452.8,0.031,969.0,31.0,0.79,0.4,0.6,0.8,1.0,,19794.0,9595.0,10225.0,10676.0,,0.0,0,0.0006,0.079999998,0,118.0,0.0,0.0,0.0,0.0,0.0,2.8,64.0,0.13,0.32,0.0,0.0
223_CT_6,223,PQ,55.0,0.4,22.0,0.24,NG,76.94363268,True,0.0,0.0,2,2,222.0,222.0,222.0,222.0,6.0,U55,CT,Gas CT,1.05,19.0,-15.0,1.0,0.75,0.25,1457.4,1122.5,452.8,0.031,969.0,31.0,0.79,0.4,0.6,0.8,1.0,,19794.0,9595.0,10225.0,10676.0,,0.0,0,0.0006,0.079999998,0,118.0,0.0,0.0,0.0,0.0,0.0,2.8,64.0,0.13,0.32,0.0,0.0
301_CT_1,301,PQ,20.0,0.4,8.0,7.95,Oil,151.02879419999996,True,0.0,0.0,1,1,180.0,180.0,180.0,180.0,1.0,U20,CT,Oil CT,1.05,10.0,0.0,1.0,0.0,0.0,5.0,5.0,5.0,0.1,450.0,50.0,2.0,0.4,0.6,0.8,1.0,,14593.0,8431.0,9633.0,10181.0,,0.0,0.2,0.2,0.5,0.036,160.0,0.002,0.004,0.11,0.04,0.0,2.8,24.0,0.13,0.32,0.0,0.0
301_CT_2,301,PQ,20.0,0.4,8.0,7.95,Oil,151.02879419999996,True,0.0,0.0,1,1,180.0,180.0,180.0,180.0,2.0,U20,CT,Oil CT,1.05,10.0,0.0,1.0,0.0,0.0,5.0,5.0,5.0,0.1,450.0,50.0,2.0,0.4,0.6,0.8,1.0,,14593.0,8431.0,9633.0,10181.0,,0.0,0.2,0.2,0.5,0.036,160.0,0.002,0.004,0.11,0.04,0.0,2.8,24.0,0.13,0.32,0.0,0.0
301_CT_3,301,PQ,55.0,0.4,44.0,16.53,NG,50.883709800000005,True,0.0,0.0,2,2,222.0,222.0,222.0,222.0,3.0,U55,CT,Gas CT,1.05,19.0,-15.0,1.0,0.75,0.25,1457.4,1122.5,452.8,0.031,969.0,31.0,0.79,0.4,0.6,0.8,1.0,,13090.0,7324.0,7534.0,11253.0,,0.0,0,0.0006,0.079999998,0,118.0,0.0,0.0,0.0,0.0,0.0,2.8,64.0,0.13,0.32,0.0,0.0
301_CT_4,301,PQ,55.0,0.4,44.0,16.53,NG,50.883709800000005,True,0.0,0.0,2,2,222.0,222.0,222.0,222.0,4.0,U55,CT,Gas CT,1.05,19.0,-15.0,1.0,0.75,0.25,1457.4,1122.5,452.8,0.031,969.0,31.0,0.79,0.4,0.6,0.8,1.0,,13090.0,7324.0,7534.0,11253.0,,0.0,0,0.0006,0.079999998,0,118.0,0.0,0.0,0.0,0.0,0.0,2.8,64.0,0.13,0.32,0.0,0.0
302_CT_1,302,PQ,20.0,0.4,8.0,6.16,Oil,151.02879419999996,True,0.0,0.0,1,1,180.0,180.0,180.0,180.0,1.0,U20,CT,Oil CT,1.05,10.0,0.0,1.0,0.0,0.0,5.0,5.0,5.0,0.1,450.0,50.0,2.0,0.4,0.6,0.8,1.0,,14593.0,8431.0,9633.0,10181.0,,0.0,0.2,0.2,0.5,0.036,160.0,0.002,0.004,0.11,0.04,0.0,2.8,24.0,0.13,0.32,0.0,0.0
302_CT_2,302,PQ,20.0,0.4,8.0,6.16,Oil,151.02879419999996,True,0.0,0.0,1,1,180.0,180.0,180.0,180.0,2.0,U20,CT,Oil CT,1.05,10.0,0.0,1.0,0.0,0.0,5.0,5.0,5.0,0.1,450.0,50.0,2.0,0.4,0.6,0.8,1.0,,14593.0,8431.0,9633.0,10181.0,,0.0,0.2,0.2,0.5,0.036,160.0,0.002,0.004,0.11,0.04,0.0,2.8,24.0,0.13,0.32,0.0,0.0
302_CT_3,302,PQ,55.0,0.4,55.0,10.99,NG,59.8437519,True,0.0,0.0,2,2,222.0,222.0,222.0,222.0,3.0,U55,CT,Gas CT,1.05,19.0,-15.0,1.0,0.75,0.25,1457.4,1122.5,452.8,0.031,969.0,31.0,0.79,0.4,0.6,0.8,1.0,,15395.0,8693.0,9874.0,9939.0,,0.0,0,0.0006,0.079999998,0,118.0,0.0,0.0,0.0,0.0,0.0,2.8,64.0,0.13,0.32,0.0,0.0
302_CT_4,302,PQ,55.0,0.4,55.0,10.99,NG,59.8437519,True,0.0,0.0,2,2,222.0,222.0,222.0,222.0,4.0,U55,CT,Gas CT,1.05,19.0,-15.0,1.0,0.75,0.25,1457.4,1122.5,452.8,0.031,969.0,31.0,0.79,0.4,0.6,0.8,1.0,,15395.0,8693.0,9874.0,9939.0,,0.0,0,0.0006,0.079999998,0,118.0,0.0,0.0,0.0,0.0,0.0,2.8,64.0,0.13,0.32,0.0,0.0
307_CT_1,307,PQ,55.0,0.4,55.0,19.0,NG,51.90604866,True,0.0,0.0,2,2,222.0,222.0,222.0,222.0,1.0,U55,CT,Gas CT,0.9568,19.0,-15.0,1.0,0.75,0.25,1457.4,1122.5,452.8,0.031,969.0,31.0,0.79,0.4,0.6,0.8,1.0,,13353.0,7176.0,7517.0,9126.0,,0.0,0,0.0006,0.079999998,0,118.0,0.0,0.0,0.0,0.0,0.0,2.8,64.0,0.13,0.32,0.0,0.0
307_CT_2,307,PQ,55.0,0.4,55.0,19.0,NG,51.90604866,True,0.0,0.0,2,2,222.0,222.0,222.0,222.0,2.0,U55,CT,Gas CT,0.9568,19.0,-15.0,1.0,0.75,0.25,1457.4,1122.5,452.8,0.031,969.0,31.0,0.79,0.4,0.6,0.8,1.0,,13353.0,7176.0,7517.0,9126.0,,0.0,0,0.0006,0.079999998,0,118.0,0.0,0.0,0.0,0.0,0.0,2.8,64.0,0.13,0.32,0.0,0.0
313_CC_1,313,PQ,355.0,0.4788732394366197,355.0,150.0,NG,30.84120348,True,0.0,0.0,8,4,248.39999999999998,248.39999999999998,248.39999999999998,248.39999999999998,1.0,U355,CC,Gas CC,1.035,150.0,-25.0,2.0,1.0,0.5,7215.1,4536.1,3196.6,0.033,967.0,33.0,1.07,0.478873239,0.65258216,0.82629108,1.0,,7934.0,4047.0,6883.0,8683.0,,0.0,0,0.0006,0.079999998,0,118.0,0.0,0.0,0.0,0.0,0.0,5.0,414.0,0.13,0.3,0.0,0.0
315_STEAM_1,315,PQ,12.0,0.4166666666666667,5.0,6.0,Oil,149.134854,True,0.0,0.0,4,2,60.0,60.0,60.0,60.0,1.0,U12,STEAM,Oil ST,1.0422,6.0,0.0,12.0,4.0,2.0,68.0,44.0,38.0,0.02,2940.0,60.0,2.0,0.416666667,0.611111111,0.805555556,1.0,,14410.0,7289.0,9701.0,11991.0,,0.0,Unit-Specific,Unit-specific,0.5,0.1,170.0,0.002,0.004,0.04,0.007,0.0,2.8,14.0,0.13,0.32,0.0,0.0
315_STEAM_2,315,PQ,12.0,0.4166666666666667,5.0,6.0,Oil,149.134854,True,0.0,0.0,4,2,60.0,60.0,60.0,60.0,2.0,U12,STEAM,Oil ST,1.0422,6.0,0.0,12.0,4.0,2.0,68.0,44.0,38.0,0.02,2940.0,60.0,2.0,0.416666667,0.611111111,0.805555556,1.0,,14410.0,7289.0,9701.0,11991.0,,0.0,Unit-Specific,Unit-specific,0.5,0.1,170.0,0.002,0.004,0.04,0.007,0.0,2.8,14.0,0.13,0.32,0.0,0.0
315_STEAM_3,315,PQ,12.0,0.4166666666666667,5.0,6.0,Oil,149.134854,True,0.0,0.0,4,2,60.0,60.0,60.0,60.0,3.0,U12,STEAM,Oil ST,1.0422,6.0,0.0,12.0,4.0,2.0,68.0,44.0,38.0,0.02,2940.0,60.0,2.0,0.416666667,0.611111111,0.805555556,1.0,,14410.0,7289.0,9701.0,11991.0,,0.0,Unit-Specific,Unit-specific,0.5,0.1,170.0,0.002,0.004,0.04,0.007,0.0,2.8,14.0,0.13,0.32,0.0,0.0
315_STEAM_4,315,PQ,12.0,0.4166666666666667,5.0,6.0,Oil,149.134854,True,0.0,0.0,4,2,60.0,60.0,60.0,60.0,4.0,U12,STEAM,Oil ST,1.0422,6.0,0.0,12.0,4.0,2.0,68.0,44.0,38.0,0.02,2940.0,60.0,2.0,0.416666667,0.611111111,0.805555556,1.0,,14410.0,7289.0,9701.0,11991.0,,0.0,Unit-Specific,Unit-specific,0.5,0.1,170.0,0.002,0.004,0.04,0.007,0.0,2.8,14.0,0.13,0.32,0.0,0.0
315_STEAM_5,315,PQ,12.0,0.4166666666666667,5.0,6.0,Oil,149.134854,True,0.0,0.0,4,2,60.0,60.0,60.0,60.0,5.0,U12,STEAM,Oil ST,1.0422,6.0,0.0,12.0,4.0,2.0,68.0,44.0,38.0,0.02,2940.0,60.0,2.0,0.416666667,0.611111111,0.805555556,1.0,,14410.0,7289.0,9701.0,11991.0,,0.0,Unit-Specific,Unit-specific,0.5,0.1,170.0,0.002,0.004,0.04,0.007,0.0,2.8,14.0,0.13,0.32,0.0,0.0
315_CT_6,315,PQ,55.0,0.4,55.0,19.0,NG,40.20162924,True,0.0,0.0,2,2,222.0,222.0,222.0,222.0,6.0,U55,CT,Gas CT,1.0422,19.0,-15.0,1.0,0.75,0.25,1457.4,1122.5,452.8,0.031,969.0,31.0,0.79,0.4,0.6,0.8,1.0,,10342.0,6792.0,6919.0,8195.0,,0.0,0,0.0006,0.079999998,0,118.0,0.0,0.0,0.0,0.0,0.0,2.8,64.0,0.13,0.32,0.0,0.0
315_CT_7,315,PQ,55.0,0.4,55.0,19.0,NG,40.20162924,True,0.0,0.0,2,2,222.0,222.0,222.0,222.0,7.0,U55,CT,Gas CT,1.0422,19.0,-15.0,1.0,0.75,0.25,1457.4,1122.5,452.8,0.031,969.0,31.0,0.79,0.4,0.6,0.8,1.0,,10342.0,6792.0,6919.0,8195.0,,0.0,0,0.0006,0.079999998,0,118.0,0.0,0.0,0.0,0.0,0.0,2.8,64.0,0.13,0.32,0.0,0.0
315_CT_8,315,PQ,55.0,0.4,55.0,60.0,NG,40.20162924,True,0.0,0.0,2,2,222.0,222.0,222.0,222.0,8.0,U55,CT,Gas CT,1.0422,60.0,0.0,1.0,0.75,0.25,1457.4,1122.5,452.8,0.031,969.0,31.0,0.79,0.4,0.6,0.8,1.0,,10342.0,6792.0,6919.0,8195.0,,0.0,0,0.0006,0.079999998,0,118.0,0.0,0.0,0.0,0.0,0.0,2.8,64.0,0.13,0.32,0.0,0.0
316_STEAM_1,316,PQ,155.0,0.4,155.0,80.0,Coal,25.042325539999997,True,0.0,0.0,8,8,180.0,180.0,180.0,180.0,1.0,U155,STEAM,Coal,1.0449,80.0,-50.0,60.0,11.0,3.0,10778.1,7437.5,6892.1,0.04,960.0,40.0,4.0,0.4,0.6,0.8,1.0,,11846.0,9989.0,10070.0,12902.0,,0.0,Unit-specific,Unit-specific,Unit-specific,Unit-specific,210.0,0.001,0.004,0.02,0.003,0.0,3.0,182.0,0.13,0.3,0.0,0.0
318_CC_1,318,PQ,355.0,0.4788732394366197,355.0,63.12,NG,30.911173440000002,True,0.0,0.0,8,4,248.39999999999998,248.39999999999998,248.39999999999998,248.39999999999998,1.0,U355,CC,Gas CC,1.05,150.0,-25.0,2.0,1.0,0.5,7215.1,4536.1,3196.6,0.033,967.0,33.0,1.07,0.478873239,0.65258216,0.82629108,1.0,,7952.0,6906.0,7017.0,8111.0,,0.0,0,0.0006,0.079999998,0,118.0,0.0,0.0,0.0,0.0,0.0,5.0,414.0,0.13,0.3,0.0,0.0
321_CC_1,321,PQ,355.0,0.4788732394366197,355.0,-3.34,NG,28.09293894,True,0.0,0.0,8,4,248.39999999999998,248.39999999999998,248.39999999999998,248.39999999999998,1.0,U355,CC,Gas CC,1.05,150.0,-25.0,2.0,1.0,0.5,7215.1,4536.1,3196.6,0.033,967.0,33.0,1.07,0.478873239,0.65258216,0.82629108,1.0,,7227.0,5848.0,6665.0,8733.0,,0.0,0,0.0006,0.079999998,0,118.0,0.0,0.0,0.0,0.0,0.0,5.0,414.0,0.13,0.3,0.0,0.0
322_CT_5,322,PQ,55.0,0.4,55.0,-9.73,NG,46.89542208,True,0.0,0.0,2,2,222.0,222.0,222.0,222.0,5.0,U55,CT,Gas CT,1.05,19.0,-15.0,1.0,0.75,0.25,1457.4,1122.5,452.8,0.031,969.0,31.0,0.79,0.4,0.6,0.8,1.0,,12064.0,6003.0,6817.0,7176.0,,0.0,0,0.0006,0.079999998,0,118.0,0.0,0.0,0.0,0.0,0.0,2.8,64.0,0.13,0.32,0.0,0.0
322_CT_6,322,PQ,55.0,0.4,55.0,-9.73,NG,46.89542208,True,0.0,0.0,2,2,222.0,222.0,222.0,222.0,6.0,U55,CT,Gas CT,1.05,19.0,-15.0,1.0,0.75,0.25,1457.4,1122.5,452.8,0.031,969.0,31.0,0.79,0.4,0.6,0.8,1.0,,12064.0,6003.0,6817.0,7176.0,,0.0,0,0.0006,0.079999998,0,118.0,0.0,0.0,0.0,0.0,0.0,2.8,64.0,0.13,0.32,0.0,0.0
323_CC_1,323,PQ,355.0,0.4788732394366197,355.0,37.41,NG,28.691570820000003,True,0.0,0.0,8,4,248.39999999999998,248.39999999999998,248.39999999999998,248.39999999999998,1.0,U355,CC,Gas CC,1.05,150.0,-25.0,2.0,1.0,0.5,7215.1,4536.1,3196.6,0.033,967.0,33.0,1.07,0.478873239,0.65258216,0.82629108,1.0,,7381.0,6799.0,7789.0,8162.0,,0.0,0,0.0006,0.079999998,0,118.0,0.0,0.0,0.0,0.0,0.0,5.0,414.0,0.13,0.3,0.0,0.0
323_CC_2,323,PQ,355.0,0.4788732394366197,355.0,37.41,NG,28.691570820000003,True,0.0,0.0,8,4,248.39999999999998,248.39999999999998,248.39999999999998,248.39999999999998,2.0,U355,CC,Gas CC,1.05,150.0,-25.0,2.0,1.0,0.5,7215.1,4536.1,3196.6,0.033,967.0,33.0,1.07,0.478873239,0.65258216,0.82629108,1.0,,7381.0,6799.0,7789.0,8162.0,,0.0,0,0.0006,0.079999998,0,118.0,0.0,0.0,0.0,0.0,0.0,5.0,414.0,0.13,0.3,0.0,0.0
121_NUCLEAR_1,121,PQ,400.0,0.99,400.0,-21.87,Nuclear,8.1035,True,0.0,0.0,24,48,1200.0,1200.0,1200.0,1200.0,1.0,U400,NUCLEAR,Nuclear,1.05,200.0,-50.0,9999.0,9999.0,9999.0,78978.0,0.0,9999.0,0.12,1100.0,150.0,6.0,0.99,0.993333333,0.996666667,1.0,,10000.0,0.0,0.0,0.0,,0.0,0,0,0,0,0.0,0.0,0.0,0.0,0.0,0.0,5.0,471.0,0.15,0.4,0.0,0.0
122_HYDRO_1,122,PQ,50.0,0.0,50.0,-6.79,Hydro,0.0,False,0.0,0.0,0,0,3000.0,3000.0,3000.0,3000.0,1.0,U50,HYDRO,Hydro,1.05,16.0,-10.0,0.0,0.0,0.0,0.0,0.0,0.0,0.01,1980.0,20.0,2.0,1.0,0.0,0.0,0.0,,3412.0,0.0,0.0,0.0,,0.0,0,0,0,0,0.0,0.0,0.0,0.0,0.0,0.0,3.5,53.0,0.1,0.28,0.0,0.0
122_HYDRO_2,122,PQ,50.0,0.0,50.0,-6.79,Hydro,0.0,False,0.0,0.0,0,0,3000.0,3000.0,3000.0,3000.0,2.0,U50,HYDRO,Hydro,1.05,16.0,-10.0,0.0,0.0,0.0,0.0,0.0,0.0,0.01,1980.0,20.0,2.0,1.0,0.0,0.0,0.0,,3412.0,0.0,0.0,0.0,,0.0,0,0,0,0,0.0,0.0,0.0,0.0,0.0,0.0,3.5,53.0,0.1,0.28,0.0,0.0
122_HYDRO_3,122,PQ,50.0,0.0,50.0,-6.79,Hydro,0.0,False,0.0,0.0,0,0,3000.0,3000.0,3000.0,3000.0,3.0,U50,HYDRO,Hydro,1.05,16.0,-10.0,0.0,0.0,0.0,0.0,0.0,0.0,0.01,1980.0,20.0,2.0,1.0,0.0,0.0,0.0,,3412.0,0.0,0.0,0.0,,0.0,0,0,0,0,0.0,0.0,0.0,0.0,0.0,0.0,3.5,53.0,0.1,0.28,0.0,0.0
122_HYDRO_4,122,PQ,50.0,0.0,50.0,-6.79,Hydro,0.0,False,0.0,0.0,0,0,3000.0,3000.0,3000.0,3000.0,4.0,U50,HYDRO,Hydro,1.05,16.0,-10.0,0.0,0.0,0.0,0.0,0.0,0.0,0.01,1980.0,20.0,2.0,1.0,0.0,0.0,0.0,,3412.0,0.0,0.0,0.0,,0.0,0,0,0,0,0.0,0.0,0.0,0.0,0.0,0.0,3.5,53.0,0.1,0.28,0.0,0.0
122_HYDRO_5,122,PQ,50.0,0.0,50.0,-6.79,Hydro,0.0,False,0.0,0.0,0,0,3000.0,3000.0,3000.0,3000.0,5.0,U50,HYDRO,Hydro,1.05,16.0,-10.0,0.0,0.0,0.0,0.0,0.0,0.0,0.01,1980.0,20.0,2.0,1.0,0.0,0.0,0.0,,3412.0,0.0,0.0,0.0,,0.0,0,0,0,0,0.0,0.0,0.0,0.0,0.0,0.0,3.5,53.0,0.1,0.28,0.0,0.0
122_HYDRO_6,122,PQ,50.0,0.0,50.0,-6.79,Hydro,0.0,False,0.0,0.0,0,0,3000.0,3000.0,3000.0,3000.0,6.0,U50,HYDRO,Hydro,1.05,16.0,-10.0,0.0,0.0,0.0,0.0,0.0,0.0,0.01,1980.0,20.0,2.0,1.0,0.0,0.0,0.0,,3412.0,0.0,0.0,0.0,,0.0,0,0,0,0,0.0,0.0,0.0,0.0,0.0,0.0,3.5,53.0,0.1,0.28,0.0,0.0
201_HYDRO_4,201,PQ,50.0,0.0,50.0,4.15,Hydro,0.0,False,0.0,0.0,0,0,3000.0,3000.0,3000.0,3000.0,4.0,U50,ROR,Hydro,1.05,16.0,-10.0,0.0,0.0,0.0,0.0,0.0,0.0,0.01,1980.0,20.0,2.0,1.0,0.0,0.0,0.0,,3412.0,0.0,0.0,0.0,,0.0,0,0,0,0,0.0,0.0,0.0,0.0,0.0,0.0,3.5,53.0,0.1,0.28,0.0,0.0
215_HYDRO_1,215,PQ,50.0,0.0,50.0,16.0,Hydro,0.0,False,0.0,0.0,0,0,3000.0,3000.0,3000.0,3000.0,1.0,U50,HYDRO,Hydro,1.0437,16.0,-10.0,0.0,0.0,0.0,0.0,0.0,0.0,0.01,1980.0,20.0,2.0,1.0,0.0,0.0,0.0,,3412.0,0.0,0.0,0.0,,0.0,0,0,0,0,0.0,0.0,0.0,0.0,0.0,0.0,3.5,53.0,0.1,0.28,0.0,0.0
215_HYDRO_2,215,PQ,50.0,0.0,50.0,16.0,Hydro,0.0,False,0.0,0.0,0,0,3000.0,3000.0,3000.0,3000.0,2.0,U50,HYDRO,Hydro,1.0437,16.0,-10.0,0.0,0.0,0.0,0.0,0.0,0.0,0.01,1980.0,20.0,2.0,1.0,0.0,0.0,0.0,,3412.0,0.0,0.0,0.0,,0.0,0,0,0,0,0.0,0.0,0.0,0.0,0.0,0.0,3.5,53.0,0.1,0.28,0.0,0.0
215_HYDRO_3,215,PQ,50.0,0.0,50.0,16.0,Hydro,0.0,False,0.0,0.0,0,0,3000.0,3000.0,3000.0,3000.0,3.0,U50,HYDRO,Hydro,1.0437,16.0,-10.0,0.0,0.0,0.0,0.0,0.0,0.0,0.01,1980.0,20.0,2.0,1.0,0.0,0.0,0.0,,3412.0,0.0,0.0,0.0,,0.0,0,0,0,0,0.0,0.0,0.0,0.0,0.0,0.0,3.5,53.0,0.1,0.28,0.0,0.0
222_HYDRO_1,222,PQ,50.0,0.0,50.0,-6.97,Hydro,0.0,False,0.0,0.0,0,0,3000.0,3000.0,3000.0,3000.0,1.0,U50,HYDRO,Hydro,1.05,16.0,-10.0,0.0,0.0,0.0,0.0,0.0,0.0,0.01,1980.0,20.0,2.0,1.0,0.0,0.0,0.0,,3412.0,0.0,0.0,0.0,,0.0,0,0,0,0,0.0,0.0,0.0,0.0,0.0,0.0,3.5,53.0,0.1,0.28,0.0,0.0
222_HYDRO_2,222,PQ,50.0,0.0,50.0,-6.97,Hydro,0.0,False,0.0,0.0,0,0,3000.0,3000.0,3000.0,3000.0,2.0,U50,HYDRO,Hydro,1.05,16.0,-10.0,0.0,0.0,0.0,0.0,0.0,0.0,0.01,1980.0,20.0,2.0,1.0,0.0,0.0,0.0,,3412.0,0.0,0.0,0.0,,0.0,0,0,0,0,0.0,0.0,0.0,0.0,0.0,0.0,3.5,53.0,0.1,0.28,0.0,0.0
222_HYDRO_3,222,PQ,50.0,0.0,50.0,-6.97,Hydro,0.0,False,0.0,0.0,0,0,3000.0,3000.0,3000.0,3000.0,3.0,U50,HYDRO,Hydro,1.05,16.0,-10.0,0.0,0.0,0.0,0.0,0.0,0.0,0.01,1980.0,20.0,2.0,1.0,0.0,0.0,0.0,,3412.0,0.0,0.0,0.0,,0.0,0,0,0,0,0.0,0.0,0.0,0.0,0.0,0.0,3.5,53.0,0.1,0.28,0.0,0.0
222_HYDRO_4,222,PQ,50.0,0.0,50.0,-6.97,Hydro,0.0,False,0.0,0.0,0,0,3000.0,3000.0,3000.0,3000.0,4.0,U50,HYDRO,Hydro,1.05,16.0,-10.0,0.0,0.0,0.0,0.0,0.0,0.0,0.01,1980.0,20.0,2.0,1.0,0.0,0.0,0.0,,3412.0,0.0,0.0,0.0,,0.0,0,0,0,0,0.0,0.0,0.0,0.0,0.0,0.0,3.5,53.0,0.1,0.28,0.0,0.0
222_HYDRO_5,222,PQ,50.0,0.0,50.0,-6.97,Hydro,0.0,False,0.0,0.0,0,0,3000.0,3000.0,3000.0,3000.0,5.0,U50,HYDRO,Hydro,1.05,16.0,-10.0,0.0,0.0,0.0,0.0,0.0,0.0,0.01,1980.0,20.0,2.0,1.0,0.0,0.0,0.0,,3412.0,0.0,0.0,0.0,,0.0,0,0,0,0,0.0,0.0,0.0,0.0,0.0,0.0,3.5,53.0,0.1,0.28,0.0,0.0
222_HYDRO_6,222,PQ,50.0,0.0,50.0,-6.97,Hydro,0.0,False,0.0,0.0,0,0,3000.0,3000.0,3000.0,3000.0,6.0,U50,HYDRO,Hydro,1.05,16.0,-10.0,0.0,0.0,0.0,0.0,0.0,0.0,0.01,1980.0,20.0,2.0,1.0,0.0,0.0,0.0,,3412.0,0.0,0.0,0.0,,0.0,0,0,0,0,0.0,0.0,0.0,0.0,0.0,0.0,3.5,53.0,0.1,0.28,0.0,0.0
322_HYDRO_1,322,PQ,50.0,0.0,50.0,-5.13,Hydro,0.0,False,0.0,0.0,0,0,3000.0,3000.0,3000.0,3000.0,1.0,U50,HYDRO,Hydro,1.05,16.0,-10.0,0.0,0.0,0.0,0.0,0.0,0.0,0.01,1980.0,20.0,2.0,1.0,0.0,0.0,0.0,,3412.0,0.0,0.0,0.0,,0.0,0,0,0,0,0.0,0.0,0.0,0.0,0.0,0.0,3.5,53.0,0.1,0.28,0.0,0.0
322_HYDRO_2,322,PQ,50.0,0.0,50.0,-5.13,Hydro,0.0,False,0.0,0.0,0,0,3000.0,3000.0,3000.0,3000.0,2.0,U50,HYDRO,Hydro,1.05,16.0,-10.0,0.0,0.0,0.0,0.0,0.0,0.0,0.01,1980.0,20.0,2.0,1.0,0.0,0.0,0.0,,3412.0,0.0,0.0,0.0,,0.0,0,0,0,0,0.0,0.0,0.0,0.0,0.0,0.0,3.5,53.0,0.1,0.28,0.0,0.0
322_HYDRO_3,322,PQ,50.0,0.0,50.0,-5.13,Hydro,0.0,False,0.0,0.0,0,0,3000.0,3000.0,3000.0,3000.0,3.0,U50,HYDRO,Hydro,1.05,16.0,-10.0,0.0,0.0,0.0,0.0,0.0,0.0,0.01,1980.0,20.0,2.0,1.0,0.0,0.0,0.0,,3412.0,0.0,0.0,0.0,,0.0,0,0,0,0,0.0,0.0,0.0,0.0,0.0,0.0,3.5,53.0,0.1,0.28,0.0,0.0
322_HYDRO_4,322,PQ,50.0,0.0,50.0,-5.13,Hydro,0.0,False,0.0,0.0,0,0,3000.0,3000.0,3000.0,3000.0,4.0,U50,HYDRO,Hydro,1.05,16.0,-10.0,0.0,0.0,0.0,0.0,0.0,0.0,0.01,1980.0,20.0,2.0,1.0,0.0,0.0,0.0,,3412.0,0.0,0.0,0.0,,0.0,0,0,0,0,0.0,0.0,0.0,0.0,0.0,0.0,3.5,53.0,0.1,0.28,0.0,0.0
320_PV_1,320,PV,51.6,0.0,0.0,0.0,Solar,0.0,False,0.0,0.0,0,0,3096.0,3096.0,3096.0,3096.0,1.0,PV,PV,Solar PV,1.0,0.0,0.0,0.0,0.0,0.0,0.0,0.0,0.0,0.0,0.0,0.0,0.0,0.0,0.0,0.0,0.0,,0.0,0.0,0.0,0.0,,0.0,0,0,0,0,0.0,0.0,0.0,0.0,0.0,0.0,0.0,51.6,0.0,0.0,0.0,0.0
314_PV_1,314,PV,51.6,0.0,0.0,0.0,Solar,0.0,False,0.0,0.0,0,0,3096.0,3096.0,3096.0,3096.0,1.0,PV,PV,Solar PV,1.0,0.0,0.0,0.0,0.0,0.0,0.0,0.0,0.0,0.0,0.0,0.0,0.0,0.0,0.0,0.0,0.0,,0.0,0.0,0.0,0.0,,0.0,0,0,0,0,0.0,0.0,0.0,0.0,0.0,0.0,0.0,51.6,0.0,0.0,0.0,0.0
314_PV_2,314,PV,51.6,0.0,0.0,0.0,Solar,0.0,False,0.0,0.0,0,0,3096.0,3096.0,3096.0,3096.0,2.0,PV,PV,Solar PV,1.0,0.0,0.0,0.0,0.0,0.0,0.0,0.0,0.0,0.0,0.0,0.0,0.0,0.0,0.0,0.0,0.0,,0.0,0.0,0.0,0.0,,0.0,0,0,0,0,0.0,0.0,0.0,0.0,0.0,0.0,0.0,51.6,0.0,0.0,0.0,0.0
313_PV_1,313,PV,95.1,0.0,0.0,0.0,Solar,0.0,False,0.0,0.0,0,0,5706.0,5706.0,5706.0,5706.0,1.0,PV,PV,Solar PV,1.0,0.0,0.0,0.0,0.0,0.0,0.0,0.0,0.0,0.0,0.0,0.0,0.0,0.0,0.0,0.0,0.0,,0.0,0.0,0.0,0.0,,0.0,0,0,0,0,0.0,0.0,0.0,0.0,0.0,0.0,0.0,95.1,0.0,0.0,0.0,0.0
314_PV_3,314,PV,92.7,0.0,0.0,0.0,Solar,0.0,False,0.0,0.0,0,0,5562.0,5562.0,5562.0,5562.0,3.0,PV,PV,Solar PV,1.0,0.0,0.0,0.0,0.0,0.0,0.0,0.0,0.0,0.0,0.0,0.0,0.0,0.0,0.0,0.0,0.0,,0.0,0.0,0.0,0.0,,0.0,0,0,0,0,0.0,0.0,0.0,0.0,0.0,0.0,0.0,92.7,0.0,0.0,0.0,0.0
314_PV_4,314,PV,51.6,0.0,0.0,0.0,Solar,0.0,False,0.0,0.0,0,0,3096.0,3096.0,3096.0,3096.0,4.0,PV,PV,Solar PV,1.0,0.0,0.0,0.0,0.0,0.0,0.0,0.0,0.0,0.0,0.0,0.0,0.0,0.0,0.0,0.0,0.0,,0.0,0.0,0.0,0.0,,0.0,0,0,0,0,0.0,0.0,0.0,0.0,0.0,0.0,0.0,51.6,0.0,0.0,0.0,0.0
313_PV_2,313,PV,93.3,0.0,0.0,0.0,Solar,0.0,False,0.0,0.0,0,0,5598.0,5598.0,5598.0,5598.0,2.0,PV,PV,Solar PV,1.0,0.0,0.0,0.0,0.0,0.0,0.0,0.0,0.0,0.0,0.0,0.0,0.0,0.0,0.0,0.0,0.0,,0.0,0.0,0.0,0.0,,0.0,0,0,0,0,0.0,0.0,0.0,0.0,0.0,0.0,0.0,93.3,0.0,0.0,0.0,0.0
310_PV_1,310,PV,51.7,0.0,0.0,0.0,Solar,0.0,False,0.0,0.0,0,0,3102.0,3102.0,3102.0,3102.0,1.0,PV,PV,Solar PV,1.0,0.0,0.0,0.0,0.0,0.0,0.0,0.0,0.0,0.0,0.0,0.0,0.0,0.0,0.0,0.0,0.0,,0.0,0.0,0.0,0.0,,0.0,0,0,0,0,0.0,0.0,0.0,0.0,0.0,0.0,0.0,51.7,0.0,0.0,0.0,0.0
324_PV_1,324,PV,49.7,0.0,0.0,0.0,Solar,0.0,False,0.0,0.0,0,0,2982.0,2982.0,2982.0,2982.0,1.0,PV,PV,Solar PV,1.0,0.0,0.0,0.0,0.0,0.0,0.0,0.0,0.0,0.0,0.0,0.0,0.0,0.0,0.0,0.0,0.0,,0.0,0.0,0.0,0.0,,0.0,0,0,0,0,0.0,0.0,0.0,0.0,0.0,0.0,0.0,49.7,0.0,0.0,0.0,0.0
312_PV_1,312,PV,94.1,0.0,0.0,0.0,Solar,0.0,False,0.0,0.0,0,0,5646.0,5646.0,5646.0,5646.0,1.0,PV,PV,Solar PV,1.0,0.0,0.0,0.0,0.0,0.0,0.0,0.0,0.0,0.0,0.0,0.0,0.0,0.0,0.0,0.0,0.0,,0.0,0.0,0.0,0.0,,0.0,0,0,0,0,0.0,0.0,0.0,0.0,0.0,0.0,0.0,94.1,0.0,0.0,0.0,0.0
310_PV_2,310,PV,51.6,0.0,0.0,0.0,Solar,0.0,False,0.0,0.0,0,0,3096.0,3096.0,3096.0,3096.0,2.0,PV,PV,Solar PV,1.0,0.0,0.0,0.0,0.0,0.0,0.0,0.0,0.0,0.0,0.0,0.0,0.0,0.0,0.0,0.0,0.0,,0.0,0.0,0.0,0.0,,0.0,0,0,0,0,0.0,0.0,0.0,0.0,0.0,0.0,0.0,51.6,0.0,0.0,0.0,0.0
324_PV_2,324,PV,51.6,0.0,0.0,0.0,Solar,0.0,False,0.0,0.0,0,0,3096.0,3096.0,3096.0,3096.0,2.0,PV,PV,Solar PV,1.0,0.0,0.0,0.0,0.0,0.0,0.0,0.0,0.0,0.0,0.0,0.0,0.0,0.0,0.0,0.0,0.0,,0.0,0.0,0.0,0.0,,0.0,0,0,0,0,0.0,0.0,0.0,0.0,0.0,0.0,0.0,51.6,0.0,0.0,0.0,0.0
324_PV_3,324,PV,51.0,0.0,0.0,0.0,Solar,0.0,False,0.0,0.0,0,0,3060.0,3060.0,3060.0,3060.0,3.0,PV,PV,Solar PV,1.0,0.0,0.0,0.0,0.0,0.0,0.0,0.0,0.0,0.0,0.0,0.0,0.0,0.0,0.0,0.0,0.0,,0.0,0.0,0.0,0.0,,0.0,0,0,0,0,0.0,0.0,0.0,0.0,0.0,0.0,0.0,51.0,0.0,0.0,0.0,0.0
113_PV_1,113,PV,93.6,0.0,0.0,0.0,Solar,0.0,False,0.0,0.0,0,0,5616.0,5616.0,5616.0,5616.0,1.0,PV,PV,Solar PV,1.0,0.0,0.0,0.0,0.0,0.0,0.0,0.0,0.0,0.0,0.0,0.0,0.0,0.0,0.0,0.0,0.0,,0.0,0.0,0.0,0.0,,0.0,0,0,0,0,0.0,0.0,0.0,0.0,0.0,0.0,0.0,93.6,0.0,0.0,0.0,0.0
319_PV_1,319,PV,188.2,0.0,0.0,0.0,Solar,0.0,False,0.0,0.0,0,0,11292.0,11292.0,11292.0,11292.0,1.0,PV,PV,Solar PV,1.0,0.0,0.0,0.0,0.0,0.0,0.0,0.0,0.0,0.0,0.0,0.0,0.0,0.0,0.0,0.0,0.0,,0.0,0.0,0.0,0.0,,0.0,0,0,0,0,0.0,0.0,0.0,0.0,0.0,0.0,0.0,188.2,0.0,0.0,0.0,0.0
215_PV_1,215,PV,125.1,0.0,0.0,0.0,Solar,0.0,False,0.0,0.0,0,0,7506.0,7506.0,7506.0,7506.0,1.0,PV,PV,Solar PV,1.0,0.0,0.0,0.0,0.0,0.0,0.0,0.0,0.0,0.0,0.0,0.0,0.0,0.0,0.0,0.0,0.0,,0.0,0.0,0.0,0.0,,0.0,0,0,0,0,0.0,0.0,0.0,0.0,0.0,0.0,0.0,125.1,0.0,0.0,0.0,0.0
102_PV_1,102,PV,25.6,0.0,0.0,0.0,Solar,0.0,False,0.0,0.0,0,0,1536.0,1536.0,1536.0,1536.0,1.0,PV,PV,Solar PV,1.0,0.0,0.0,0.0,0.0,0.0,0.0,0.0,0.0,0.0,0.0,0.0,0.0,0.0,0.0,0.0,0.0,,0.0,0.0,0.0,0.0,,0.0,0,0,0,0,0.0,0.0,0.0,0.0,0.0,0.0,0.0,25.6,0.0,0.0,0.0,0.0
101_PV_1,101,PV,25.9,0.0,0.0,0.0,Solar,0.0,False,0.0,0.0,0,0,1554.0,1554.0,1554.0,1554.0,1.0,PV,PV,Solar PV,1.0,0.0,0.0,0.0,0.0,0.0,0.0,0.0,0.0,0.0,0.0,0.0,0.0,0.0,0.0,0.0,0.0,,0.0,0.0,0.0,0.0,,0.0,0,0,0,0,0.0,0.0,0.0,0.0,0.0,0.0,0.0,25.9,0.0,0.0,0.0,0.0
102_PV_2,102,PV,25.3,0.0,0.0,0.0,Solar,0.0,False,0.0,0.0,0,0,1518.0,1518.0,1518.0,1518.0,2.0,PV,PV,Solar PV,1.0,0.0,0.0,0.0,0.0,0.0,0.0,0.0,0.0,0.0,0.0,0.0,0.0,0.0,0.0,0.0,0.0,,0.0,0.0,0.0,0.0,,0.0,0,0,0,0,0.0,0.0,0.0,0.0,0.0,0.0,0.0,25.3,0.0,0.0,0.0,0.0
104_PV_1,104,PV,26.8,0.0,0.0,0.0,Solar,0.0,False,0.0,0.0,0,0,1608.0,1608.0,1608.0,1608.0,1.0,PV,PV,Solar PV,1.0,0.0,0.0,0.0,0.0,0.0,0.0,0.0,0.0,0.0,0.0,0.0,0.0,0.0,0.0,0.0,0.0,,0.0,0.0,0.0,0.0,,0.0,0,0,0,0,0.0,0.0,0.0,0.0,0.0,0.0,0.0,26.8,0.0,0.0,0.0,0.0
212_CSP_1,212,PV,200.0,0.15,0.0,0.0,Solar,0.0,False,10000.0,10000.0,1,1,1200.0,1200.0,1200.0,1200.0,1.0,CSP,CSP,CSP,1.0,0.0,0.0,1.0,0.5,0.17,0.0,0.0,0.0,0.04,576.0,24.0,0.0,0.15,0.33,0.6,0.8,1.0,0.83,0.989475983,1.05501992,1.055274725,1.042105263,1.1,0,0,0,0,0.0,0.0,0.0,0.0,0.0,0.0,0.0,200.0,0.0,0.0,0.0,0.0
101_PV_2,101,PV,26.7,0.0,0.0,0.0,Solar,0.0,False,0.0,0.0,0,0,1602.0,1602.0,1602.0,1602.0,2.0,PV,PV,Solar PV,1.0,0.0,0.0,0.0,0.0,0.0,0.0,0.0,0.0,0.0,0.0,0.0,0.0,0.0,0.0,0.0,0.0,,0.0,0.0,0.0,0.0,,0.0,0,0,0,0,0.0,0.0,0.0,0.0,0.0,0.0,0.0,26.7,0.0,0.0,0.0,0.0
101_PV_3,101,PV,26.2,0.0,0.0,0.0,Solar,0.0,False,0.0,0.0,0,0,1572.0,1572.0,1572.0,1572.0,3.0,PV,PV,Solar PV,1.0,0.0,0.0,0.0,0.0,0.0,0.0,0.0,0.0,0.0,0.0,0.0,0.0,0.0,0.0,0.0,0.0,,0.0,0.0,0.0,0.0,,0.0,0,0,0,0,0.0,0.0,0.0,0.0,0.0,0.0,0.0,26.2,0.0,0.0,0.0,0.0
101_PV_4,101,PV,25.8,0.0,0.0,0.0,Solar,0.0,False,0.0,0.0,0,0,1548.0,1548.0,1548.0,1548.0,4.0,PV,PV,Solar PV,1.0,0.0,0.0,0.0,0.0,0.0,0.0,0.0,0.0,0.0,0.0,0.0,0.0,0.0,0.0,0.0,0.0,,0.0,0.0,0.0,0.0,,0.0,0,0,0,0,0.0,0.0,0.0,0.0,0.0,0.0,0.0,25.8,0.0,0.0,0.0,0.0
103_PV_1,103,PV,61.5,0.0,0.0,0.0,Solar,0.0,False,0.0,0.0,0,0,3690.0,3690.0,3690.0,3690.0,1.0,PV,PV,Solar PV,1.0,0.0,0.0,0.0,0.0,0.0,0.0,0.0,0.0,0.0,0.0,0.0,0.0,0.0,0.0,0.0,0.0,,0.0,0.0,0.0,0.0,,0.0,0,0,0,0,0.0,0.0,0.0,0.0,0.0,0.0,0.0,61.5,0.0,0.0,0.0,0.0
119_PV_1,119,PV,66.6,0.0,0.0,0.0,Solar,0.0,False,0.0,0.0,0,0,3995.9999999999995,3995.9999999999995,3995.9999999999995,3995.9999999999995,1.0,PV,PV,Solar PV,1.0,0.0,0.0,0.0,0.0,0.0,0.0,0.0,0.0,0.0,0.0,0.0,0.0,0.0,0.0,0.0,0.0,,0.0,0.0,0.0,0.0,,0.0,0,0,0,0,0.0,0.0,0.0,0.0,0.0,0.0,0.0,66.6,0.0,0.0,0.0,0.0
308_RTPV_1,308,PV,100.9,0.0,0.0,0.0,Solar,0.0,False,0.0,0.0,0,0,6054.0,6054.0,6054.0,6054.0,1.0,RTPV,RTPV,Solar RTPV,1.0,0.0,0.0,0.0,0.0,0.0,0.0,0.0,0.0,0.0,0.0,0.0,0.0,0.0,0.0,0.0,0.0,,0.0,0.0,0.0,0.0,,0.0,0,0,0,0,0.0,0.0,0.0,0.0,0.0,0.0,0.0,100.9,0.0,0.0,0.0,0.0
313_RTPV_1,313,PV,101.7,0.0,0.0,0.0,Solar,0.0,False,0.0,0.0,0,0,6102.0,6102.0,6102.0,6102.0,1.0,RTPV,RTPV,Solar RTPV,1.0,0.0,0.0,0.0,0.0,0.0,0.0,0.0,0.0,0.0,0.0,0.0,0.0,0.0,0.0,0.0,0.0,,0.0,0.0,0.0,0.0,,0.0,0,0,0,0,0.0,0.0,0.0,0.0,0.0,0.0,0.0,101.7,0.0,0.0,0.0,0.0
313_RTPV_2,313,PV,63.1,0.0,0.0,0.0,Solar,0.0,False,0.0,0.0,0,0,3786.0,3786.0,3786.0,3786.0,2.0,RTPV,RTPV,Solar RTPV,1.0,0.0,0.0,0.0,0.0,0.0,0.0,0.0,0.0,0.0,0.0,0.0,0.0,0.0,0.0,0.0,0.0,,0.0,0.0,0.0,0.0,,0.0,0,0,0,0,0.0,0.0,0.0,0.0,0.0,0.0,0.0,63.1,0.0,0.0,0.0,0.0
313_RTPV_3,313,PV,65.4,0.0,0.0,0.0,Solar,0.0,False,0.0,0.0,0,0,3924.0000000000005,3924.0000000000005,3924.0000000000005,3924.0000000000005,3.0,RTPV,RTPV,Solar RTPV,1.0,0.0,0.0,0.0,0.0,0.0,0.0,0.0,0.0,0.0,0.0,0.0,0.0,0.0,0.0,0.0,0.0,,0.0,0.0,0.0,0.0,,0.0,0,0,0,0,0.0,0.0,0.0,0.0,0.0,0.0,0.0,65.4,0.0,0.0,0.0,0.0
313_RTPV_4,313,PV,67.0,0.0,0.0,0.0,Solar,0.0,False,0.0,0.0,0,0,4020.0,4020.0,4020.0,4020.0,4.0,RTPV,RTPV,Solar RTPV,1.0,0.0,0.0,0.0,0.0,0.0,0.0,0.0,0.0,0.0,0.0,0.0,0.0,0.0,0.0,0.0,0.0,,0.0,0.0,0.0,0.0,,0.0,0,0,0,0,0.0,0.0,0.0,0.0,0.0,0.0,0.0,67.0,0.0,0.0,0.0,0.0
313_RTPV_5,313,PV,64.8,0.0,0.0,0.0,Solar,0.0,False,0.0,0.0,0,0,3888.0,3888.0,3888.0,3888.0,5.0,RTPV,RTPV,Solar RTPV,1.0,0.0,0.0,0.0,0.0,0.0,0.0,0.0,0.0,0.0,0.0,0.0,0.0,0.0,0.0,0.0,0.0,,0.0,0.0,0.0,0.0,,0.0,0,0,0,0,0.0,0.0,0.0,0.0,0.0,0.0,0.0,64.8,0.0,0.0,0.0,0.0
313_RTPV_6,313,PV,63.8,0.0,0.0,0.0,Solar,0.0,False,0.0,0.0,0,0,3828.0,3828.0,3828.0,3828.0,6.0,RTPV,RTPV,Solar RTPV,1.0,0.0,0.0,0.0,0.0,0.0,0.0,0.0,0.0,0.0,0.0,0.0,0.0,0.0,0.0,0.0,0.0,,0.0,0.0,0.0,0.0,,0.0,0,0,0,0,0.0,0.0,0.0,0.0,0.0,0.0,0.0,63.8,0.0,0.0,0.0,0.0
313_RTPV_7,313,PV,64.1,0.0,0.0,0.0,Solar,0.0,False,0.0,0.0,0,0,3845.9999999999995,3845.9999999999995,3845.9999999999995,3845.9999999999995,7.0,RTPV,RTPV,Solar RTPV,1.0,0.0,0.0,0.0,0.0,0.0,0.0,0.0,0.0,0.0,0.0,0.0,0.0,0.0,0.0,0.0,0.0,,0.0,0.0,0.0,0.0,,0.0,0,0,0,0,0.0,0.0,0.0,0.0,0.0,0.0,0.0,64.1,0.0,0.0,0.0,0.0
313_RTPV_8,313,PV,66.6,0.0,0.0,0.0,Solar,0.0,False,0.0,0.0,0,0,3995.9999999999995,3995.9999999999995,3995.9999999999995,3995.9999999999995,8.0,RTPV,RTPV,Solar RTPV,1.0,0.0,0.0,0.0,0.0,0.0,0.0,0.0,0.0,0.0,0.0,0.0,0.0,0.0,0.0,0.0,0.0,,0.0,0.0,0.0,0.0,,0.0,0,0,0,0,0.0,0.0,0.0,0.0,0.0,0.0,0.0,66.6,0.0,0.0,0.0,0.0
313_RTPV_9,313,PV,62.4,0.0,0.0,0.0,Solar,0.0,False,0.0,0.0,0,0,3744.0,3744.0,3744.0,3744.0,9.0,RTPV,RTPV,Solar RTPV,1.0,0.0,0.0,0.0,0.0,0.0,0.0,0.0,0.0,0.0,0.0,0.0,0.0,0.0,0.0,0.0,0.0,,0.0,0.0,0.0,0.0,,0.0,0,0,0,0,0.0,0.0,0.0,0.0,0.0,0.0,0.0,62.4,0.0,0.0,0.0,0.0
313_RTPV_10,313,PV,66.9,0.0,0.0,0.0,Solar,0.0,False,0.0,0.0,0,0,4014.0000000000005,4014.0000000000005,4014.0000000000005,4014.0000000000005,10.0,RTPV,RTPV,Solar RTPV,1.0,0.0,0.0,0.0,0.0,0.0,0.0,0.0,0.0,0.0,0.0,0.0,0.0,0.0,0.0,0.0,0.0,,0.0,0.0,0.0,0.0,,0.0,0,0,0,0,0.0,0.0,0.0,0.0,0.0,0.0,0.0,66.9,0.0,0.0,0.0,0.0
313_RTPV_11,313,PV,65.2,0.0,0.0,0.0,Solar,0.0,False,0.0,0.0,0,0,3912.0,3912.0,3912.0,3912.0,11.0,RTPV,RTPV,Solar RTPV,1.0,0.0,0.0,0.0,0.0,0.0,0.0,0.0,0.0,0.0,0.0,0.0,0.0,0.0,0.0,0.0,0.0,,0.0,0.0,0.0,0.0,,0.0,0,0,0,0,0.0,0.0,0.0,0.0,0.0,0.0,0.0,65.2,0.0,0.0,0.0,0.0
313_RTPV_12,313,PV,27.8,0.0,0.0,0.0,Solar,0.0,False,0.0,0.0,0,0,1668.0,1668.0,1668.0,1668.0,12.0,RTPV,RTPV,Solar RTPV,1.0,0.0,0.0,0.0,0.0,0.0,0.0,0.0,0.0,0.0,0.0,0.0,0.0,0.0,0.0,0.0,0.0,,0.0,0.0,0.0,0.0,,0.0,0,0,0,0,0.0,0.0,0.0,0.0,0.0,0.0,0.0,27.8,0.0,0.0,0.0,0.0
320_RTPV_1,320,PV,27.3,0.0,0.0,0.0,Solar,0.0,False,0.0,0.0,0,0,1638.0,1638.0,1638.0,1638.0,1.0,RTPV,RTPV,Solar RTPV,1.0,0.0,0.0,0.0,0.0,0.0,0.0,0.0,0.0,0.0,0.0,0.0,0.0,0.0,0.0,0.0,0.0,,0.0,0.0,0.0,0.0,,0.0,0,0,0,0,0.0,0.0,0.0,0.0,0.0,0.0,0.0,27.3,0.0,0.0,0.0,0.0
320_RTPV_2,320,PV,27.0,0.0,0.0,0.0,Solar,0.0,False,0.0,0.0,0,0,1620.0,1620.0,1620.0,1620.0,2.0,RTPV,RTPV,Solar RTPV,1.0,0.0,0.0,0.0,0.0,0.0,0.0,0.0,0.0,0.0,0.0,0.0,0.0,0.0,0.0,0.0,0.0,,0.0,0.0,0.0,0.0,,0.0,0,0,0,0,0.0,0.0,0.0,0.0,0.0,0.0,0.0,27.0,0.0,0.0,0.0,0.0
320_RTPV_3,320,PV,28.3,0.0,0.0,0.0,Solar,0.0,False,0.0,0.0,0,0,1698.0,1698.0,1698.0,1698.0,3.0,RTPV,RTPV,Solar RTPV,1.0,0.0,0.0,0.0,0.0,0.0,0.0,0.0,0.0,0.0,0.0,0.0,0.0,0.0,0.0,0.0,0.0,,0.0,0.0,0.0,0.0,,0.0,0,0,0,0,0.0,0.0,0.0,0.0,0.0,0.0,0.0,28.3,0.0,0.0,0.0,0.0
313_RTPV_13,313,PV,27.2,0.0,0.0,0.0,Solar,0.0,False,0.0,0.0,0,0,1632.0,1632.0,1632.0,1632.0,13.0,RTPV,RTPV,Solar RTPV,1.0,0.0,0.0,0.0,0.0,0.0,0.0,0.0,0.0,0.0,0.0,0.0,0.0,0.0,0.0,0.0,0.0,,0.0,0.0,0.0,0.0,,0.0,0,0,0,0,0.0,0.0,0.0,0.0,0.0,0.0,0.0,27.2,0.0,0.0,0.0,0.0
320_RTPV_4,320,PV,27.0,0.0,0.0,0.0,Solar,0.0,False,0.0,0.0,0,0,1620.0,1620.0,1620.0,1620.0,4.0,RTPV,RTPV,Solar RTPV,1.0,0.0,0.0,0.0,0.0,0.0,0.0,0.0,0.0,0.0,0.0,0.0,0.0,0.0,0.0,0.0,0.0,,0.0,0.0,0.0,0.0,,0.0,0,0,0,0,0.0,0.0,0.0,0.0,0.0,0.0,0.0,27.0,0.0,0.0,0.0,0.0
320_RTPV_5,320,PV,28.2,0.0,0.0,0.0,Solar,0.0,False,0.0,0.0,0,0,1692.0,1692.0,1692.0,1692.0,5.0,RTPV,RTPV,Solar RTPV,1.0,0.0,0.0,0.0,0.0,0.0,0.0,0.0,0.0,0.0,0.0,0.0,0.0,0.0,0.0,0.0,0.0,,0.0,0.0,0.0,0.0,,0.0,0,0,0,0,0.0,0.0,0.0,0.0,0.0,0.0,0.0,28.2,0.0,0.0,0.0,0.0
118_RTPV_1,118,PV,9.3,0.0,0.0,0.0,Solar,0.0,False,0.0,0.0,0,0,558.0,558.0,558.0,558.0,1.0,RTPV,RTPV,Solar RTPV,1.0,0.0,0.0,0.0,0.0,0.0,0.0,0.0,0.0,0.0,0.0,0.0,0.0,0.0,0.0,0.0,0.0,,0.0,0.0,0.0,0.0,,0.0,0,0,0,0,0.0,0.0,0.0,0.0,0.0,0.0,0.0,9.3,0.0,0.0,0.0,0.0
118_RTPV_2,118,PV,9.7,0.0,0.0,0.0,Solar,0.0,False,0.0,0.0,0,0,582.0,582.0,582.0,582.0,2.0,RTPV,RTPV,Solar RTPV,1.0,0.0,0.0,0.0,0.0,0.0,0.0,0.0,0.0,0.0,0.0,0.0,0.0,0.0,0.0,0.0,0.0,,0.0,0.0,0.0,0.0,,0.0,0,0,0,0,0.0,0.0,0.0,0.0,0.0,0.0,0.0,9.7,0.0,0.0,0.0,0.0
118_RTPV_3,118,PV,9.4,0.0,0.0,0.0,Solar,0.0,False,0.0,0.0,0,0,564.0,564.0,564.0,564.0,3.0,RTPV,RTPV,Solar RTPV,1.0,0.0,0.0,0.0,0.0,0.0,0.0,0.0,0.0,0.0,0.0,0.0,0.0,0.0,0.0,0.0,0.0,,0.0,0.0,0.0,0.0,,0.0,0,0,0,0,0.0,0.0,0.0,0.0,0.0,0.0,0.0,9.4,0.0,0.0,0.0,0.0
118_RTPV_4,118,PV,9.1,0.0,0.0,0.0,Solar,0.0,False,0.0,0.0,0,0,546.0,546.0,546.0,546.0,4.0,RTPV,RTPV,Solar RTPV,1.0,0.0,0.0,0.0,0.0,0.0,0.0,0.0,0.0,0.0,0.0,0.0,0.0,0.0,0.0,0.0,0.0,,0.0,0.0,0.0,0.0,,0.0,0,0,0,0,0.0,0.0,0.0,0.0,0.0,0.0,0.0,9.1,0.0,0.0,0.0,0.0
118_RTPV_5,118,PV,9.1,0.0,0.0,0.0,Solar,0.0,False,0.0,0.0,0,0,546.0,546.0,546.0,546.0,5.0,RTPV,RTPV,Solar RTPV,1.0,0.0,0.0,0.0,0.0,0.0,0.0,0.0,0.0,0.0,0.0,0.0,0.0,0.0,0.0,0.0,0.0,,0.0,0.0,0.0,0.0,,0.0,0,0,0,0,0.0,0.0,0.0,0.0,0.0,0.0,0.0,9.1,0.0,0.0,0.0,0.0
118_RTPV_6,118,PV,9.7,0.0,0.0,0.0,Solar,0.0,False,0.0,0.0,0,0,582.0,582.0,582.0,582.0,6.0,RTPV,RTPV,Solar RTPV,1.0,0.0,0.0,0.0,0.0,0.0,0.0,0.0,0.0,0.0,0.0,0.0,0.0,0.0,0.0,0.0,0.0,,0.0,0.0,0.0,0.0,,0.0,0,0,0,0,0.0,0.0,0.0,0.0,0.0,0.0,0.0,9.7,0.0,0.0,0.0,0.0
320_RTPV_6,320,PV,9.4,0.0,0.0,0.0,Solar,0.0,False,0.0,0.0,0,0,564.0,564.0,564.0,564.0,6.0,RTPV,RTPV,Solar RTPV,1.0,0.0,0.0,0.0,0.0,0.0,0.0,0.0,0.0,0.0,0.0,0.0,0.0,0.0,0.0,0.0,0.0,,0.0,0.0,0.0,0.0,,0.0,0,0,0,0,0.0,0.0,0.0,0.0,0.0,0.0,0.0,9.4,0.0,0.0,0.0,0.0
118_RTPV_7,118,PV,11.8,0.0,0.0,0.0,Solar,0.0,False,0.0,0.0,0,0,708.0,708.0,708.0,708.0,7.0,RTPV,RTPV,Solar RTPV,1.0,0.0,0.0,0.0,0.0,0.0,0.0,0.0,0.0,0.0,0.0,0.0,0.0,0.0,0.0,0.0,0.0,,0.0,0.0,0.0,0.0,,0.0,0,0,0,0,0.0,0.0,0.0,0.0,0.0,0.0,0.0,11.8,0.0,0.0,0.0,0.0
118_RTPV_8,118,PV,11.2,0.0,0.0,0.0,Solar,0.0,False,0.0,0.0,0,0,672.0,672.0,672.0,672.0,8.0,RTPV,RTPV,Solar RTPV,1.0,0.0,0.0,0.0,0.0,0.0,0.0,0.0,0.0,0.0,0.0,0.0,0.0,0.0,0.0,0.0,0.0,,0.0,0.0,0.0,0.0,,0.0,0,0,0,0,0.0,0.0,0.0,0.0,0.0,0.0,0.0,11.2,0.0,0.0,0.0,0.0
118_RTPV_9,118,PV,10.3,0.0,0.0,0.0,Solar,0.0,False,0.0,0.0,0,0,618.0,618.0,618.0,618.0,9.0,RTPV,RTPV,Solar RTPV,1.0,0.0,0.0,0.0,0.0,0.0,0.0,0.0,0.0,0.0,0.0,0.0,0.0,0.0,0.0,0.0,0.0,,0.0,0.0,0.0,0.0,,0.0,0,0,0,0,0.0,0.0,0.0,0.0,0.0,0.0,0.0,10.3,0.0,0.0,0.0,0.0
118_RTPV_10,118,PV,4.5,0.0,0.0,0.0,Solar,0.0,False,0.0,0.0,0,0,270.0,270.0,270.0,270.0,10.0,RTPV,RTPV,Solar RTPV,1.0,0.0,0.0,0.0,0.0,0.0,0.0,0.0,0.0,0.0,0.0,0.0,0.0,0.0,0.0,0.0,0.0,,0.0,0.0,0.0,0.0,,0.0,0,0,0,0,0.0,0.0,0.0,0.0,0.0,0.0,0.0,4.5,0.0,0.0,0.0,0.0
213_RTPV_1,213,PV,13.2,0.0,0.0,0.0,Solar,0.0,False,0.0,0.0,0,0,792.0,792.0,792.0,792.0,1.0,RTPV,RTPV,Solar RTPV,1.0,0.0,0.0,0.0,0.0,0.0,0.0,0.0,0.0,0.0,0.0,0.0,0.0,0.0,0.0,0.0,0.0,,0.0,0.0,0.0,0.0,,0.0,0,0,0,0,0.0,0.0,0.0,0.0,0.0,0.0,0.0,13.2,0.0,0.0,0.0,0.0
309_WIND_1,309,PV,148.3,0.0,0.0,0.0,Wind,0.0,False,0.0,0.0,0,0,8898.0,8898.0,8898.0,8898.0,1.0,WIND,WIND,Wind,1.0,0.0,0.0,0.0,0.0,0.0,0.0,0.0,0.0,0.0,0.0,0.0,0.0,0.0,0.0,0.0,0.0,,0.0,0.0,0.0,0.0,,0.0,0,0,0,0,0.0,0.0,0.0,0.0,0.0,0.0,0.0,148.3,0.0,0.0,0.0,0.0
317_WIND_1,317,PV,799.1,0.0,0.0,0.0,Wind,0.0,False,0.0,0.0,0,0,47946.0,47946.0,47946.0,47946.0,1.0,WIND,WIND,Wind,1.0,0.0,0.0,0.0,0.0,0.0,0.0,0.0,0.0,0.0,0.0,0.0,0.0,0.0,0.0,0.0,0.0,,0.0,0.0,0.0,0.0,,0.0,0,0,0,0,0.0,0.0,0.0,0.0,0.0,0.0,0.0,799.1,0.0,0.0,0.0,0.0
303_WIND_1,303,PV,847.0,0.0,0.0,0.0,Wind,0.0,False,0.0,0.0,0,0,50820.0,50820.0,50820.0,50820.0,1.0,WIND,WIND,Wind,1.0,0.0,0.0,0.0,0.0,0.0,0.0,0.0,0.0,0.0,0.0,0.0,0.0,0.0,0.0,0.0,0.0,,0.0,0.0,0.0,0.0,,0.0,0,0,0,0,0.0,0.0,0.0,0.0,0.0,0.0,0.0,847.0,0.0,0.0,0.0,0.0
122_WIND_1,122,PV,713.5,0.0,0.0,0.0,Wind,0.0,False,0.0,0.0,0,0,42810.0,42810.0,42810.0,42810.0,1.0,WIND,WIND,Wind,1.0,0.0,0.0,0.0,0.0,0.0,0.0,0.0,0.0,0.0,0.0,0.0,0.0,0.0,0.0,0.0,0.0,,0.0,0.0,0.0,0.0,,0.0,0,0,0,0,0.0,0.0,0.0,0.0,0.0,0.0,0.0,713.5,0.0,0.0,0.0,0.0
